sample_id,predicted_label,true_label,confidence,response_text,processing_time,tokens_used
cvefixes-matched-CVE-2009-5145-safe,1,0,,VULNERABLE,0.4454484969209143,1500
cvefixes-matched-CVE-2021-32633-vuln,1,1,,VULNERABLE,0.4454484969209143,11169
cvefixes-matched-CVE-2021-32674-vuln,1,1,,VULNERABLE,0.4454484969209143,11483
cvefixes-matched-CVE-2011-4312-vuln,1,1,,VULNERABLE,0.4454484969209143,4566
cvefixes-matched-CVE-2012-5625-safe,1,0,,VULNERABLE,0.4454484969209143,4510
cvefixes-matched-CVE-2012-3366-vuln,1,1,,"1. **Code Purpose:** The code defines a Python plugin for Bcfg2 that executes external scripts on the server. It takes a script path and arguments as input and forks a new process to run the script.

2. **Input Sources and Data Flows:**
   - `prog`: The path to the external script to execute. This is passed as an argument to `async_run`.
   - `args`: A list of arguments to pass to the external script.
   - `metadata.hostname`: The hostname of the server where the plugin is running.
   - `metadata.profile`: The profile name associated with the server.
   - `metadata.groups`: A list of groups associated with the server.
   - `os.listdir(self.data)`: This function lists files in the `self.data` directory.  The filenames are used as potential script paths.

3. **Input Validation and Bounds Checking:**
   - The code filters filenames returned by `os.listdir(self.data)` to exclude files starting with ""."", files ending in ""~"", files ending in "".swp"", and files like ""SCCS"", "".svn"", and ""4913"". This is a basic form of validation, preventing execution of unwanted files (like backups or system files). However, it's not a robust validation.  It doesn't check if the file is actually an executable script or if the filename is properly formatted.

4. **Memory Management Issues:**
   - The code uses `os.fork()` and `os._exit(0)`.  `os.fork()` creates a new process, and `os._exit(0)` terminates the child process without running any cleanup handlers. This is generally safe but can lead to resource leaks if the child process doesn't properly release resources.

5. **Error Handling and Edge Cases:**
   - The code includes a basic error check to ensure the `self.data` directory exists. If it doesn't, it logs an error and raises an exception, causing the plugin to unload.
   - No specific error handling is present for the external scripts themselves. If an external script crashes, the parent process might not be aware, and the child process will terminate abruptly.
   - The filtering of filenames prevents execution of unwanted files, but it doesn't prevent the execution of malicious scripts with valid filenames.

6. **Vulnerability Determination:**
   - **Command Injection Vulnerability:** The most significant vulnerability is the use of `os.system("" "".join([prog] + args))`. This directly executes the provided `prog` and arguments as a shell command.  If `prog` or `args` are influenced by user input (even indirectly through the Bcfg2 interface), an attacker could inject arbitrary shell commands.
   - **Path Traversal:** The filtering of filenames in `os.listdir` is insufficient to prevent path traversal attacks. An attacker could potentially create a file named ""../../../etc/passwd"" within the `self.data` directory and have it executed.  The filtering only checks for a few common file extensions and names, not for malicious path components.

VULNERABLE",0.4454484969209143,1227
cvefixes-matched-CVE-2012-5571-vuln,0,1,,SAFE,0.4454484969209143,3388
cvefixes-matched-CVE-2013-10009-safe,1,0,,VULNERABLE,0.4454484969209143,2025
cvefixes-matched-CVE-2013-7459-safe,1,0,,VULNERABLE,0.4454484969209143,9189
cvefixes-matched-CVE-2013-1630-safe,1,0,,"Okay, let's systematically analyze the provided Python code for security vulnerabilities.

**1. Read through the code to understand its purpose:**

The code defines a system for downloading and serving release files (likely Python packages) from a repository.  `download.py` handles the actual download and serves the content.  `repository.py` interacts with a database to retrieve release file information and updates download counts.  It uses `requests` for downloading and `mimetypes` to determine content type.

**2. Identify all input sources and data flows:**

*   **`request`:** The `download.py` function receives a `request` object from the Pyramid framework. This likely contains user input and other request parameters.
*   **`value['filename']`:** This is the filename of the release file being downloaded. It's used in multiple places, including path construction and potentially in the URL.
*   **`value['url']`:** This is the URL of the release file.
*   **`request.matchdict['file_id']`:** This is used in `repository.py` to retrieve a release file by its ID from the database.
*   **`info.settings['pyshop.repository']`:** This retrieves the repository root path from Pyramid settings.

**3. Check for proper input validation and bounds checking:**

*   **`value['filename']`:**  The code converts `value['filename'][0].lower()` to lowercase. This is a basic sanitization, but not robust. It doesn't prevent malicious filenames containing special characters or potentially problematic paths.  No bounds checking is performed on the length of the filename.
*   **`request.matchdict['file_id']`:**  The `file_id` is converted to an integer.  While this is good practice, it doesn't prevent injection attacks if the `file_id` is controlled by an attacker.
*   **`value['url']`:** The code checks if the URL starts with 'http://pypi.python.org' and prepends 'https' if it does. This is a simple check, but doesn't validate the URL itself for malicious content.
*   **No validation of `request`:** The code assumes `request` is a valid and properly configured Pyramid request object. If `request` is compromised, the code could be vulnerable to various attacks.

**4. Look for memory management issues:**

The `download.py` function reads the file in chunks with `rf.read(2<<16)` which is equivalent to reading 65536 bytes at a time.  This is generally safe, but large files could consume a lot of memory.  There's no explicit memory limit or handling of potential memory exhaustion.

**5. Examine error handling and edge cases:**

*   **`os.makedirs(dir_, 0750)`:**  This creates a directory. If the directory already exists, it will raise an exception.
*   **`requests.get(value['url'], verify=verify)`:**  This could raise exceptions if the URL is invalid, the network connection fails, or the server returns an error.  The code doesn't handle these errors gracefully. If `verify` is set to `False`, it bypasses SSL verification, making the application vulnerable to man-in-the-middle attacks.
*   **`ReleaseFile.by_id(session, int(request.matchdict['file_id']))`:**  This could raise an exception if the `file_id` doesn't exist in the database.
*   **Empty filename:** The code doesn't handle the case where `value['filename']` is empty.
*   **No handling for `resp.status_code`:** The code doesn't check the HTTP status code returned by `requests.get`.  A 404 or other error would not be handled.

**6. Determine if vulnerabilities exist:**

*   **Path Traversal:**  The code uses `value['filename'][0].lower()` to create a subdirectory.  If an attacker can control the filename component (e.g., by manipulating `value['filename']`), they could potentially traverse outside the intended repository root directory and access files outside the repository.
*   **Remote Code Execution (Potential):** If the `value['url']` is controlled by an attacker, they could potentially provide a URL that redirects to a malicious server, leading to remote code execution (through a crafted redirect).  The `verify=verify` parameter could be bypassed if `verify` is set to `False`, allowing for connections to untrusted servers.
*   **SQL Injection (Potential):** The `request.matchdict['file_id']` is used directly in a database query without proper sanitization.  This could be vulnerable to SQL injection attacks if an attacker can manipulate the `file_id`.
*   **Denial of Service (DoS):**  A malicious user could provide a very large file URL, potentially exhausting server resources.
*   **Information Disclosure:**  If the `verify` parameter is set to `False`, an attacker could potentially intercept and modify the download content.

VULNERABLE",0.4454484969209143,1865
cvefixes-matched-CVE-2013-7416-safe,1,0,,VULNERABLE,0.4454484969209143,4510
cvefixes-matched-CVE-2014-0012-vuln,0,1,,SAFE,0.4454484969209143,2896
cvefixes-matched-CVE-2014-125028-safe,1,0,,VULNERABLE,0.4454484969209143,1181
cvefixes-matched-CVE-2015-6240-vuln,1,1,,VULNERABLE,0.4454484969209143,5107
cvefixes-matched-CVE-2015-6240-safe,1,0,,VULNERABLE,0.4454484969209143,5706
cvefixes-matched-CVE-2014-3589-safe,1,0,,VULNERABLE,0.4454484969209143,3258
cvefixes-matched-CVE-2014-3995-vuln,1,1,,"Let's analyze the code for potential vulnerabilities.

1.  **Code Understanding:** The code defines two template tags: `gravatar` and `gravatar_url`. These tags are used to generate HTML for displaying a Gravatar image and its URL, respectively. They utilize helper functions `get_gravatar_url` and `get_gravatar_url_for_email` to construct the URL and HTML.

2.  **Input Sources and Data Flows:**
    *   `user`: This is a Django user object passed as context to the template.
    *   `email`: This is the email address passed as context to the `gravatar_url` tag.
    *   `size`: This is an optional argument to both tags, representing the desired image size.
    *   `context['request']`:  The Django request object is passed as context.  This is critical for constructing the Gravatar URL.

3.  **Input Validation and Bounds Checking:**
    *   The code doesn't explicitly validate or sanitize the `email` or `size` arguments.  The `get_gravatar_url_for_email` and `get_gravatar_url` functions are responsible for handling URL construction, but the code itself doesn't check for malicious input.  `size` is used directly in the `<img>` tag's `width` and `height` attributes, so it's possible to inject HTML through manipulation of the size value.

4.  **Memory Management:** The code doesn't involve any explicit memory management operations that could lead to vulnerabilities.

5.  **Error Handling and Edge Cases:** The code handles the case where a Gravatar URL cannot be found, returning an empty string. This avoids potential errors if the user doesn't have a Gravatar.

6.  **Vulnerability Determination:** The primary vulnerability lies in the lack of input validation and sanitization, particularly regarding the `size` argument. An attacker could potentially inject HTML tags into the `size` argument, leading to Cross-Site Scripting (XSS) vulnerabilities if this HTML is rendered without proper escaping.  The `email` argument is also vulnerable if it's used directly in constructing a URL without proper sanitization.

VULNERABLE",0.4454484969209143,1385
cvefixes-matched-CVE-2014-3995-safe,1,0,,"1. **Code Purpose:** The code defines two template tags (`gravatar` and `gravatar_url`) for Django templates that generate HTML code to display a user's Gravatar image based on their email address. It utilizes helper functions (`get_gravatar_url` and `get_gravatar_url_for_email`) to construct the URL and generate the HTML.

2. **Input Sources and Data Flows:**
   - `context['request']`: This is the Django request object. It contains information about the user's request, including headers, method, and other details.
   - `user`: This is the Django user object, presumably passed in via the template context.
   - `email`: This is the email address of the user for the `gravatar_url` tag.
   - `size`: This is an optional size parameter for the image, defaulting to None.

3. **Input Validation and Bounds Checking:**
   - The code doesn't perform any explicit input validation on the `email` or `size` parameters. It simply passes these values to external helper functions.
   - There's no bounds checking on the `size` parameter. A very large size could potentially lead to performance issues or unexpected behavior.

4. **Memory Management Issues:**
   - The code doesn't involve any complex memory management operations. The string formatting is simple and unlikely to cause memory leaks.

5. **Error Handling and Edge Cases:**
   - The code handles the case where no Gravatar is found for the given email address by returning an empty string.
   - The `user.get_full_name() or user.username` part handles cases where the user object doesn't have a full name, falling back to the username.

6. **Vulnerabilities:**
   - **Lack of Input Validation:** The primary vulnerability lies in the lack of input validation on the `email` parameter.  If a malicious user provides an email address that contains special characters or is crafted to exploit vulnerabilities in the underlying Gravatar service, it could potentially lead to unexpected behavior or denial of service.  While `get_gravatar_url_for_email` likely has some sanitization, it's not guaranteed.
   - **Potential for Denial of Service (DoS):** While less likely, a very large `size` value could potentially cause performance issues, especially if the Gravatar service is slow or overloaded.

VULNERABLE",0.4454484969209143,1436
cvefixes-matched-CVE-2015-10011-vuln,1,1,,VULNERABLE,0.4454484969209143,1065
cvefixes-matched-CVE-2015-10056-safe,1,0,,VULNERABLE,0.4454484969209143,1222
cvefixes-matched-CVE-2015-1839-vuln,1,1,,VULNERABLE,0.4454484969209143,2563
cvefixes-matched-CVE-2021-32798-vuln,1,1,,VULNERABLE,0.4454484969209143,6427
cvefixes-matched-CVE-2015-8309-safe,1,0,,VULNERABLE,0.4454484969209143,8391
cvefixes-matched-CVE-2016-10745-vuln,1,1,,VULNERABLE,0.4454484969209143,12986
cvefixes-matched-CVE-2016-9243-vuln,1,1,,VULNERABLE,0.4454484969209143,3146
cvefixes-matched-CVE-2016-9243-safe,1,0,,VULNERABLE,0.4454484969209143,3230
cvefixes-matched-CVE-2016-9910-safe,1,0,,VULNERABLE,0.4454484969209143,6032
cvefixes-matched-CVE-2017-0906-safe,1,0,,VULNERABLE,0.4454484969209143,6576
cvefixes-matched-CVE-2017-1002150-safe,1,0,,VULNERABLE,0.4454484969209143,4781
cvefixes-matched-CVE-2017-7572-safe,1,0,,VULNERABLE,0.4454484969209143,3712
cvefixes-matched-CVE-2017-16763-safe,1,0,,VULNERABLE,0.4454484969209143,8513
cvefixes-matched-CVE-2017-17713-vuln,1,1,,VULNERABLE,0.4454484969209143,4775
cvefixes-matched-CVE-2017-17714-safe,1,0,,VULNERABLE,0.4454484969209143,4830
cvefixes-matched-CVE-2017-20172-safe,1,0,,VULNERABLE,0.4454484969209143,5590
cvefixes-matched-CVE-2017-8342-vuln,1,1,,VULNERABLE,0.4454484969209143,2065
cvefixes-matched-CVE-2018-10657-vuln,1,1,,VULNERABLE,0.4454484969209143,10565
cvefixes-matched-CVE-2018-10657-safe,1,0,,VULNERABLE,0.4454484969209143,10800
cvefixes-matched-CVE-2022-31052-vuln,1,1,,VULNERABLE,0.4454484969209143,9301
cvefixes-matched-CVE-2022-31052-safe,1,0,,VULNERABLE,0.4454484969209143,9640
cvefixes-matched-CVE-2018-10897-vuln,1,1,,VULNERABLE,0.4454484969209143,7049
cvefixes-matched-CVE-2018-16407-vuln,1,1,,"1. **Read through the code to understand its purpose:**
   The code defines a tag form widget that displays tags associated with a document. It utilizes Django forms and templates to achieve this. The `TagFormWidget` is a specialized select multiple widget.  `widget_document_tags` fetches tags associated with a document using `AccessControlList` and then renders them into a string using `widget_single_tag`. `widget_single_tag` renders a single tag using a template.

2. **Identify all input sources and data flows:**
   - **Input Source:** The primary input is `document` passed to `widget_document_tags`. The `document` object is assumed to have a field called `attached_tags()`.  The `user` is also passed to `widget_document_tags`.
   - **Data Flow:**
     - `widget_document_tags` receives `document` and `user`.
     - It queries the `AccessControlList` model using `document.attached_tags().all()`.  It filters this queryset using `filter_by_access` with `permission_tag_view` and the `user`.
     - The query results (tags) are iterated over.
     - Each `tag` is passed to `widget_single_tag`.
     - `widget_single_tag` renders the tag using the `tag` data and the `tags/tag_widget.html` template.
     - The rendered tag is appended to the `result` list.
     - Finally, `mark_safe` is used to prevent Django from escaping the HTML.

3. **Check for proper input validation and bounds checking:**
   - The `document` object's `attached_tags()` method is used.  The code doesn't explicitly validate the `document` object or the results of `document.attached_tags().all()`. There's no input validation on the `user` parameter.
   - The `queryset` passed to `TagFormWidget` is set by the user, so no bounds checking is performed on the queryset itself.

4. **Look for memory management issues:**
   - The code uses `render_to_string` which generally handles memory management well within the Django framework.  The accumulation of strings in the `result` list is unlikely to cause memory issues unless the number of tags is extremely large.

5. **Examine error handling and edge cases:**
   - The code doesn't explicitly handle potential errors during the database query (`AccessControlList.objects.filter_by_access`). If the query fails, it will likely raise an exception, which is not caught.
   - No edge cases are considered related to the `document` object or the `user` object.  For example, what if `document.attached_tags()` returns an empty queryset?
   - There's no handling of potential errors during the tag rendering in `widget_single_tag`.

6. **Determine if vulnerabilities exist:**
   - **SQL Injection:** The most significant vulnerability is potential SQL injection.  The `AccessControlList.objects.filter_by_access` method uses the `document` object and the `user` object to construct a database query. If the `document` or `user` object are not properly sanitized, an attacker could inject malicious SQL code into the query, potentially compromising the database.  The `filter_by_access` method itself likely uses string formatting to construct the query, making it vulnerable.
   - **Cross-Site Scripting (XSS):** The `mark_safe` function prevents Django from escaping the HTML. If the `tag` object contains malicious HTML, it will be rendered directly into the page, potentially leading to XSS vulnerabilities.

VULNERABLE",0.4454484969209143,1357
cvefixes-matched-CVE-2018-20332-vuln,1,1,,VULNERABLE,0.4454484969209143,4902
cvefixes-matched-CVE-2021-41220-safe,1,0,,VULNERABLE,0.4454484969209143,12480
cvefixes-matched-CVE-2022-21730-safe,1,0,,VULNERABLE,0.4454484969209143,6852
cvefixes-matched-CVE-2022-21736-safe,1,0,,VULNERABLE,0.4454484969209143,2689
cvefixes-matched-CVE-2022-29202-safe,0,0,,SAFE,0.4454484969209143,4532
cvefixes-matched-CVE-2022-35982-safe,1,0,,VULNERABLE,0.4454484969209143,8498
cvefixes-matched-CVE-2022-35985-safe,0,0,,SAFE,0.4454484969209143,2372
cvefixes-matched-CVE-2022-35993-safe,1,0,,VULNERABLE,0.4454484969209143,14617
cvefixes-matched-CVE-2022-35981-safe,1,0,,VULNERABLE,0.4454484969209143,8329
cvefixes-matched-CVE-2022-36001-vuln,0,1,,SAFE,0.4454484969209143,1741
cvefixes-matched-CVE-2022-36001-safe,0,0,,SAFE,0.4454484969209143,1913
cvefixes-matched-CVE-2022-35963-safe,1,0,,VULNERABLE,0.4454484969209143,7132
cvefixes-matched-CVE-2022-35990-vuln,1,1,,VULNERABLE,0.4454484969209143,3596
cvefixes-matched-CVE-2022-36005-vuln,1,1,,VULNERABLE,0.4454484969209143,3596
cvefixes-matched-CVE-2022-36003-safe,1,0,,VULNERABLE,0.4454484969209143,5457
cvefixes-matched-CVE-2022-41889-safe,0,0,,SAFE,0.4454484969209143,1954
cvefixes-matched-CVE-2023-25676-safe,1,0,,VULNERABLE,0.4454484969209143,6414
cvefixes-matched-CVE-2024-21520-vuln,1,1,,VULNERABLE,0.4454484969209143,3075
cvefixes-matched-CVE-2018-25082-vuln,1,1,,VULNERABLE,0.4454484969209143,6321
cvefixes-matched-CVE-2018-25091-safe,1,0,,VULNERABLE,0.4454484969209143,14800
cvefixes-matched-CVE-2018-7206-safe,1,0,,VULNERABLE,0.4454484969209143,1382
cvefixes-matched-CVE-2018-8097-safe,1,0,,VULNERABLE,0.4454484969209143,1317
cvefixes-matched-CVE-2019-3552-vuln,1,1,,"This code defines a base class for Thrift protocol drivers (`TProtocolBase`) and a factory for creating them (`TProtocolFactory`). The code focuses on the mechanics of reading and writing data according to the Thrift protocol. There are no obvious vulnerabilities such as direct memory manipulation or injection points. Input validation is largely handled implicitly by the Thrift library itself. However, there are several areas that could be vulnerable if the underlying Thrift implementation has flaws. The code is essentially a wrapper around the Thrift library and doesn't directly handle user input.

VULNERABLE",0.4454484969209143,1816
cvefixes-matched-CVE-2019-3552-safe,1,0,,"This code defines a base class for Thrift protocol drivers (`TProtocolBase`) and a factory for creating them (`TProtocolFactory`). The core of the analysis focuses on the `read*` methods within `TProtocolBase`. These methods are responsible for reading data from a stream and parsing it according to the Thrift protocol.

**Analysis:**

1. **Input Sources:** The primary input source is a Thrift transport object (`trans`) passed to the `TProtocolBase` constructor. The `read*` methods then read directly from this transport.
2. **Data Flows:** Data flows through the `read*` methods, which deserialize data based on the Thrift protocol definition.
3. **Input Validation and Bounds Checking:** There is *no* explicit input validation or bounds checking in the provided code. The `skip()` method simply reads the data without checking its validity or size. This is a significant vulnerability.  For example, if a string is larger than the maximum allowed size, the `readString()` method will likely cause a buffer overflow, leading to a crash or potentially exploitable behavior.
4. **Memory Management Issues:** The code doesn't directly handle memory management, but the lack of bounds checking in the `read*` methods could lead to memory issues, such as buffer overflows.
5. **Error Handling and Edge Cases:** Error handling is limited. The `skip()` method raises an exception if it encounters an unexpected type during skipping. However, it doesn't handle other potential errors during the read process (e.g., corrupted data, unexpected stream termination).
6. **Vulnerabilities:** The most significant vulnerability is the lack of input validation and bounds checking. This could lead to:
   - **Buffer Overflows:**  Reading data without checking its size can cause the buffer to overflow, leading to crashes or allowing an attacker to overwrite adjacent memory.
   - **Denial of Service:** A maliciously crafted stream could cause the `read*` methods to enter an infinite loop or consume excessive resources.
   - **Remote Code Execution (Potentially):** In some scenarios, a buffer overflow could be leveraged to execute arbitrary code.

**Conclusion:**

VULNERABLE",0.4454484969209143,2179
cvefixes-matched-CVE-2019-16766-safe,1,0,,VULNERABLE,0.4454484969209143,1698
cvefixes-matched-CVE-2019-19010-safe,1,0,,VULNERABLE,0.4454484969209143,2931
cvefixes-matched-CVE-2019-25066-safe,1,0,,VULNERABLE,0.4454484969209143,1862
cvefixes-matched-CVE-2019-25095-safe,1,0,,VULNERABLE,0.4454484969209143,10912
cvefixes-matched-CVE-2020-15118-vuln,1,1,,VULNERABLE,0.4454484969209143,11210
cvefixes-matched-CVE-2020-15118-safe,1,0,,VULNERABLE,0.4454484969209143,11409
cvefixes-matched-CVE-2021-43777-safe,1,0,,VULNERABLE,0.4454484969209143,4092
cvefixes-matched-CVE-2020-12889-safe,1,0,,VULNERABLE,0.4454484969209143,12732
cvefixes-matched-CVE-2020-15172-safe,1,0,,VULNERABLE,0.4454484969209143,2971
cvefixes-matched-CVE-2022-24757-vuln,1,1,,"1. **Code Purpose:** This code logs HTTP request details with enhanced information compared to Tornado's default logging. It categorizes log levels based on the HTTP status code and adds specific details like referer and user-agent for failed requests. It also integrates with Prometheus logging.

2. **Input Sources and Data Flows:**
   - `handler`: This is the primary input. It's an object representing the Tornado web handler.
   - `handler.request`:  This object contains request information like remote IP, URI, headers, and request time.
   - `handler.log`: This is the logger object used for logging.
   - `request.headers.get(""Referer"")`: This accesses the ""Referer"" header from the request.
   - `request.remote_ip`: This retrieves the remote IP address of the client.
   - `request.uri`: This gets the URI of the requested resource.
   - `handler.request.request_time()`: This gets the request processing time.

3. **Input Validation and Bounds Checking:**
   - The code doesn't perform any explicit input validation. The `request.remote_ip` and `request.headers.get(""Referer"")` values are directly used without any sanitization or validation.  There's no check for the length or format of the ""Referer"" header, which could be a potential issue.

4. **Memory Management Issues:**
   - The code uses `json.dumps()` to serialize the request headers to a JSON string for logging.  If the headers are extremely large, this could potentially lead to memory exhaustion, although this is unlikely in most typical scenarios.  No memory leaks are immediately apparent.

5. **Error Handling and Edge Cases:**
   - The code uses a `try...except` block to handle the case where `handler.log` doesn't exist, defaulting to `access_log`.
   - It handles different HTTP status codes (2xx, 3xx, 4xx, 5xx) to determine the appropriate log level.
   - It logs the ""Referer"" header only for failed requests (status >= 400).
   - It logs the entire request headers for error status codes (status >= 500) which could potentially expose sensitive information if not carefully controlled.

6. **Vulnerabilities:**
   - **Information Disclosure:** The biggest vulnerability lies in logging the entire `request.headers` dictionary for error status codes (status >= 500). This could expose sensitive information such as cookies, authentication tokens, or other confidential data if not properly secured.  There's no control over what's being logged, and it's directly written to the log.
   - **Lack of Input Validation:** The lack of validation for `request.remote_ip` and `request.headers.get(""Referer"")` could be exploited to inject malicious data. Although the impact is likely low, it's a good practice to validate inputs.

VULNERABLE",0.4454484969209143,1278
cvefixes-matched-CVE-2023-39968-safe,1,0,,VULNERABLE,0.4454484969209143,4928
cvefixes-matched-CVE-2024-35178-vuln,0,1,,SAFE,0.4454484969209143,5236
cvefixes-matched-CVE-2020-26236-safe,1,0,,VULNERABLE,0.4454484969209143,3734
cvefixes-matched-CVE-2020-26280-vuln,1,1,,"1. **Read through the code to understand its purpose:** The code provides HTML validation and JSON validation functions. `validate_html_strict` and `validate_html_permissive` use the Bleach library to sanitize HTML input based on whitelisted tags, attributes, and styles. `validate_json` recursively traverses a JSON structure, applying HTML validation to any string values it encounters.

2. **Identify all input sources and data flows:**
   - **Input Sources:**
     - `html` argument to `validate_html_strict`, `validate_html_permissive`, and `base_validate_html`.
     - `json` argument to `validate_json`.
   - **Data Flows:**
     - The `html` input is passed to `bleach.clean`.
     - The `json` input is recursively processed by `validate_json`, which calls `validate_html_strict` on string values.

3. **Check for proper input validation and bounds checking:**
   - The code validates HTML tags and attributes using a whitelist approach. This is generally good practice.
   - `validate_json` includes a `max_depth` parameter to prevent stack overflows when processing deeply nested JSON structures. This is a good defense against potential denial-of-service attacks.
   - However, there's no validation of the *type* of the input.  `validate_json` assumes that any string value within the JSON will be validated. If the JSON contains a non-string value, it will raise an error.  The HTML validation is applied to potentially malicious strings.

4. **Look for memory management issues:** The code appears safe in terms of memory management. Bleach is a well-established library, and the recursive processing in `validate_json` is bounded by `max_depth`.

5. **Examine error handling and edge cases:**
   - `validate_json` raises a `ValidationError` if `max_depth` is reached.
   - `validate_html_strict` and `validate_html_permissive` handle invalid HTML by returning an empty string (which is likely the intended behavior, but should be documented).
   - No specific error handling is present for invalid input types in `validate_json`.

6. **Determine if vulnerabilities exist:**
   - **Potential XSS vulnerability:** The code uses Bleach to sanitize HTML, which is intended to prevent XSS. However, the whitelist approach is vulnerable if the allowed tags and attributes are too permissive. If an attacker can craft an HTML string that contains a tag or attribute not explicitly whitelisted, it could bypass the sanitization and inject malicious code.
   - **Denial of Service (DoS):** A carefully crafted, deeply nested JSON structure with many string values could potentially trigger a stack overflow in `validate_json` if `max_depth` is not set appropriately.
   - **Type Confusion:** The code assumes that all string values within the JSON will be validated by `validate_html_strict`.  If this assumption is incorrect, it could lead to unexpected behavior or vulnerabilities.

VULNERABLE",0.4454484969209143,1610
cvefixes-matched-CVE-2020-36324-safe,1,0,,VULNERABLE,0.4454484969209143,4411
cvefixes-matched-CVE-2020-36768-vuln,1,1,,VULNERABLE,0.4454484969209143,2959
cvefixes-matched-CVE-2020-7698-vuln,1,1,,VULNERABLE,0.4454484969209143,8651
cvefixes-matched-CVE-2021-43857-safe,1,0,,VULNERABLE,0.4454484969209143,8468
cvefixes-matched-CVE-2023-27586-vuln,1,1,,VULNERABLE,0.4454484969209143,11005
cvefixes-matched-CVE-2023-27586-safe,1,0,,VULNERABLE,0.4454484969209143,11078
cvefixes-matched-CVE-2022-0767-vuln,0,1,,SAFE,0.4454484969209143,12774
cvefixes-matched-CVE-2021-27213-safe,1,0,,VULNERABLE,0.4454484969209143,4480
cvefixes-matched-CVE-2021-29493-vuln,1,1,,VULNERABLE,0.4454484969209143,2438
cvefixes-matched-CVE-2021-29501-vuln,1,1,,VULNERABLE,0.4454484969209143,3906
cvefixes-matched-CVE-2021-29501-safe,1,0,,VULNERABLE,0.4454484969209143,4006
cvefixes-matched-CVE-2021-29510-safe,1,0,,VULNERABLE,0.4454484969209143,7889
cvefixes-matched-CVE-2021-3027-vuln,1,1,,VULNERABLE,0.4454484969209143,6241
cvefixes-matched-CVE-2024-4340-vuln,1,1,,VULNERABLE,0.4454484969209143,10465
cvefixes-matched-CVE-2021-34363-safe,1,0,,"The code analyzes tar and zip archives, extracting files and removing them if they are outside the current working directory. The `side_effect` function attempts to delete files found within the archive, regardless of their location. This is a significant vulnerability because it allows an attacker to potentially delete arbitrary files on the system by crafting a malicious archive containing files with paths outside the intended extraction directory.  The `_zip_file` function constructs a zip filename based on the input file, and if the input is not a zip file, it adds "".zip"" to it. This could be exploited to create a malicious zip file with a crafted filename. The lack of input validation on the input filenames is a major concern.

VULNERABLE",0.4454484969209143,1167
cvefixes-matched-CVE-2022-0577-safe,1,0,,VULNERABLE,0.4454484969209143,7803
cvefixes-matched-CVE-2021-41250-vuln,1,1,,VULNERABLE,0.4454484969209143,7707
cvefixes-matched-CVE-2022-0697-safe,1,0,,VULNERABLE,0.4454484969209143,6378
cvefixes-matched-CVE-2021-43781-safe,1,0,,VULNERABLE,0.4454484969209143,4967
cvefixes-matched-CVE-2021-43829-safe,1,0,,VULNERABLE,0.4454484969209143,1682
cvefixes-matched-CVE-2024-0520-safe,1,0,,VULNERABLE,0.4454484969209143,3056
cvefixes-matched-CVE-2023-6709-safe,1,0,,VULNERABLE,0.4454484969209143,2932
cvefixes-matched-CVE-2023-6977-vuln,1,1,,VULNERABLE,0.4454484969209143,14679
cvefixes-matched-CVE-2023-6977-safe,1,0,,VULNERABLE,0.4454484969209143,14714
cvefixes-matched-CVE-2022-23948-safe,1,0,,VULNERABLE,0.4454484969209143,13613
cvefixes-matched-CVE-2023-38201-safe,1,0,,VULNERABLE,0.4454484969209143,6060
cvefixes-matched-CVE-2022-1430-safe,1,0,,VULNERABLE,0.4454484969209143,15268
cvefixes-matched-CVE-2022-2930-vuln,1,1,,VULNERABLE,0.4454484969209143,2930
cvefixes-matched-CVE-2022-3607-vuln,1,1,,VULNERABLE,0.4454484969209143,1817
cvefixes-matched-CVE-2022-1592-vuln,1,1,,VULNERABLE,0.4454484969209143,5846
cvefixes-matched-CVE-2024-34074-safe,1,0,,VULNERABLE,0.4454484969209143,7683
cvefixes-matched-CVE-2022-23530-vuln,1,1,,VULNERABLE,0.4454484969209143,1628
cvefixes-matched-CVE-2022-23530-safe,1,0,,VULNERABLE,0.4454484969209143,1659
cvefixes-matched-CVE-2022-23611-vuln,1,1,,"Okay, let's systematically analyze the provided Python code for security vulnerabilities.

**1. Code Understanding:**

The code defines two functions: `try_get_cached` and `get`.  `try_get_cached` attempts to retrieve data from a server using cached data. `get` handles image uploads and data retrieval, potentially using cached data or uploading a new image if the cache miss.  It uses `requests` library to make HTTP requests. It also uses `ast.literal_eval` to parse JSON responses, and `os.system` to execute shell commands.

**2. Input Sources and Data Flows:**

*   **`domain`:**  This is used directly in the API URL.  This is a critical input.
*   **`image_file`:** The path to an image file provided as an argument to `get`.
*   **`title`, `singer`, `album`:** These are strings passed as arguments to `get` and used in the JSON payload.
*   **`response.text`:** This contains the response from the server and is then parsed using `ast.literal_eval`.
*   **`im_bytes`:** The raw image bytes read from the file.
*   **`data`:**  This variable holds the result of the API calls and is used in subsequent processing.

**3. Input Validation and Bounds Checking:**

*   **`domain`:** The code directly uses the `domain` variable in the API URL without any validation. This is a major vulnerability. An attacker could provide a malicious domain, leading to a connection to a compromised server.
*   **`image_file`:** The code doesn't validate the `image_file` path.  An attacker could provide a path to a file outside the intended directory, potentially leading to file system traversal vulnerabilities.
*   **`title`, `singer`, `album`:** These strings are used in JSON payloads and potentially in shell commands. There's no input validation or sanitization. An attacker could inject malicious characters or code through these strings.

**4. Memory Management Issues:**

*   The code reads the entire image file into memory (`im_bytes`). For large images, this could lead to memory exhaustion. While not a direct memory corruption vulnerability, it's a resource concern.
*   The `f.close()` call is good practice for resource management, but not explicitly handled in the `try...except` block.

**5. Error Handling and Edge Cases:**

*   The code handles `None` as a possible response from `try_get_cached`. However, it doesn't handle other potential errors during the `requests` calls (e.g., network errors, timeouts).
*   `ast.literal_eval` is used to parse the JSON response. If the response is not valid JSON, this will raise an exception. The code doesn't have a proper error handling mechanism for this case.
*   The `unescape` function is used to decode the response from the server. If the response contains invalid HTML entities, this could lead to unexpected behavior.
*   The `os.system(cmd)` call is extremely dangerous. It directly executes shell commands, making the code vulnerable to command injection.

**6. Vulnerabilities:**

*   **Command Injection:** The `os.system(cmd)` call is the most significant vulnerability.  The `cmd` variable is constructed by concatenating strings, including the `image_file` path.  An attacker can manipulate the `image_file` path to inject arbitrary shell commands.
*   **Server-Side Request Forgery (SSRF):** The `domain` variable is directly used in the API URL. An attacker can control the `domain` to make the server send requests to internal or external resources, potentially bypassing security controls.
*   **Unvalidated Input:** Lack of input validation for `domain`, `image_file`, `title`, `singer`, and `album` allows for injection attacks and other malicious behaviors.
*   **Denial of Service (DoS):**  Reading the entire image file into memory can cause a denial-of-service if a large image is uploaded.
*   **JSON Parsing Error:**  Failure to handle invalid JSON responses from the server.
*   **Type Confusion:** The use of `ast.literal_eval` to parse the response is risky. If the response is not valid Python literal, it can lead to unexpected behavior or crashes.

VULNERABLE",0.4454484969209143,1688
cvefixes-matched-CVE-2022-23611-safe,1,0,,"Okay, let's systematically analyze the provided Python code for security vulnerabilities.

**1. Read through the code to understand its purpose:**

The code aims to upload an image to a server (`http://{domain}:7873`) along with song metadata (title, singer, album). It first attempts to retrieve a cached version of the data. If the cache is unavailable, it uploads the image as a base64 encoded string and the metadata. Finally, it deletes the uploaded image file.

**2. Identify all input sources and data flows:**

*   `image_file`:  This is the filename of the image to upload.
*   `domain`: The server domain.
*   `title`, `singer`, `album`: Song metadata provided by the user.
*   `response.text`: The response from the server, used for parsing.
*   `response.text` (again): Used in the `if` block after uploading to parse the response.

**3. Check for proper input validation and bounds checking:**

*   `image_file = werkzeug.utils.secure_filename(ast.literal_eval(image_file))`: This line is a critical vulnerability point. `werkzeug.utils.secure_filename` is intended to sanitize filenames, but it's *not* a foolproof solution. It only prevents certain characters from being used, not all malicious file extensions. `ast.literal_eval` is used to parse the input as a literal. Without proper validation, an attacker could upload files with malicious extensions, potentially leading to arbitrary code execution.
*   `title`, `singer`, `album`: No input validation is performed on these strings.  An attacker could inject arbitrary characters or code into these fields.
*   `domain`: No validation on the domain is performed.  This could lead to attacks against other servers.

**4. Look for memory management issues:**

The code reads the image file into memory (`im_bytes = f.read()`). While this isn't a memory leak, it could be a vulnerability if the image files are extremely large, potentially leading to denial-of-service.  However, this is a common practice and not a primary concern in this case.

**5. Examine error handling and edge cases:**

*   The code doesn't handle potential errors during file reading, base64 encoding, or network requests.  A failure in any of these steps could lead to unexpected behavior.
*   The `try_get_cached` function doesn't handle potential errors in retrieving the cached data.
*   The `ast.literal_eval` function can raise `ValueError` if the input isn't a literal.
*   The `os.system(cmd)` call is extremely dangerous as it directly executes shell commands.

**6. Determine if vulnerabilities exist:**

Based on the analysis, several vulnerabilities exist:

*   **Unvalidated Filename:** The use of `werkzeug.utils.secure_filename` with `ast.literal_eval` is insufficient for preventing malicious file uploads.
*   **Lack of Input Validation:**  The lack of validation on `title`, `singer`, and `album` allows for potential injection attacks.
*   **Unvalidated Domain:**  No validation on the domain allows for attacks against other servers.
*   **Shell Injection:** The `os.system()` call with a user-provided filename is a significant shell injection vulnerability. An attacker could craft a filename that executes arbitrary commands on the server.
*   **Lack of Error Handling:** The code lacks error handling, making it susceptible to crashes and unexpected behavior.
*   **Potential Denial of Service:** Large image files could lead to a denial of service.

VULNERABLE",0.4454484969209143,1559
cvefixes-matched-CVE-2023-32675-safe,1,0,,VULNERABLE,0.4454484969209143,5273
cvefixes-matched-CVE-2023-32058-safe,1,0,,VULNERABLE,0.4454484969209143,7331
cvefixes-matched-CVE-2022-24840-vuln,1,1,,VULNERABLE,0.4454484969209143,5694
cvefixes-matched-CVE-2024-22204-safe,1,0,,VULNERABLE,0.4454484969209143,6554
cvefixes-matched-CVE-2024-22205-vuln,1,1,,VULNERABLE,0.4454484969209143,6384
cvefixes-matched-CVE-2024-22417-vuln,1,1,,VULNERABLE,0.4454484969209143,6384
cvefixes-matched-CVE-2024-28111-vuln,1,1,,VULNERABLE,0.4454484969209143,8587
cvefixes-matched-CVE-2022-31501-safe,1,0,,VULNERABLE,0.4454484969209143,7177
cvefixes-matched-CVE-2022-3174-vuln,1,1,,VULNERABLE,0.4454484969209143,4360
cvefixes-matched-CVE-2022-3221-vuln,1,1,,VULNERABLE,0.4454484969209143,4099
cvefixes-matched-CVE-2022-3457-vuln,0,1,,SAFE,0.4454484969209143,3194
cvefixes-matched-CVE-2022-4719-safe,1,0,,VULNERABLE,0.4454484969209143,9860
cvefixes-matched-CVE-2022-4723-vuln,1,1,,VULNERABLE,0.4454484969209143,9205
cvefixes-matched-CVE-2022-36436-vuln,1,1,,VULNERABLE,0.4454484969209143,1996
cvefixes-matched-CVE-2022-37109-safe,1,0,,VULNERABLE,0.4454484969209143,1332
cvefixes-matched-CVE-2022-39268-vuln,1,1,,VULNERABLE,0.4454484969209143,3341
cvefixes-matched-CVE-2022-41905-safe,0,0,,SAFE,0.4454484969209143,3595
cvefixes-matched-CVE-2022-4638-safe,1,0,,VULNERABLE,0.4454484969209143,2778
cvefixes-matched-CVE-2022-4860-vuln,1,1,,VULNERABLE,0.4454484969209143,8352
cvefixes-matched-CVE-2022-4860-safe,1,0,,VULNERABLE,0.4454484969209143,8024
cvefixes-matched-CVE-2023-0227-vuln,1,1,,VULNERABLE,0.4454484969209143,13598
cvefixes-matched-CVE-2023-0227-safe,1,0,,VULNERABLE,0.4454484969209143,13724
cvefixes-matched-CVE-2023-0509-safe,1,0,,VULNERABLE,0.4454484969209143,4969
cvefixes-matched-CVE-2024-21644-vuln,1,1,,VULNERABLE,0.4454484969209143,4222
cvefixes-matched-CVE-2023-2160-safe,1,0,,VULNERABLE,0.4454484969209143,4464
cvefixes-matched-CVE-2023-26302-safe,1,0,,"1. **Read through the code to understand its purpose:**
The code is a command-line interface (CLI) for markdown-it-py, a Markdown parser. It can either take a list of Markdown files as input and convert them to HTML, or it can run in interactive mode, prompting the user for Markdown text and rendering it.

2. **Identify all input sources and data flows:**
   - **Input Sources:**
     - Command-line arguments (filenames).
     - User input in interactive mode.
   - **Data Flows:**
     - The code reads files specified on the command line.
     - The code reads the content of the files.
     - The content of the files is passed to `MarkdownIt().render()`.
     - User input is read and passed to `MarkdownIt().render()`.
     - The rendered HTML is printed to standard output.

3. **Check for proper input validation and bounds checking:**
   - The code opens files using `open(filename, ""r"", encoding=""utf8"", errors=""ignore"")`.  The `errors=""ignore""` part is a potential issue.  If the file contains characters that cannot be decoded using UTF-8, these characters will be silently dropped, which could lead to unexpected rendering behavior.  There's no explicit validation of the filename or content.
   - The `parse_args` function handles command-line arguments.
   - The interactive mode handles user input.  However, there's no input validation – any string is accepted as Markdown.

4. **Look for memory management issues:**
   - The code reads the entire file content into memory using `fin.read()`.  For very large files, this could lead to memory issues. However, the problem statement does not explicitly state that the files are large.
   - The interactive mode accumulates input in the `contents` list.  If the input is extremely large, this could also lead to memory issues.

5. **Examine error handling and edge cases:**
   - The `convert_file` function includes a `try...except OSError` block to handle file opening errors.
   - The interactive mode includes a `try...except EOFError` block to handle Ctrl-D.
   - The interactive mode includes a `try...except KeyboardInterrupt` block to handle Ctrl-C.
   - The `errors=""ignore""` in `open()` handles invalid UTF-8 sequences, but silently.

6. **Determine if vulnerabilities exist:**
   - **Denial of Service (DoS):**  The `errors=""ignore""` in `open()` could lead to unpredictable rendering if the input file contains invalid characters.
   - **Input Validation:** No input validation is performed on filenames or user input.  A malicious user could potentially provide a path to a sensitive file or inject malicious Markdown.
   - **Resource Exhaustion:** Reading large files into memory could lead to resource exhaustion.

VULNERABLE",0.4454484969209143,1864
cvefixes-matched-CVE-2023-30620-safe,1,0,,VULNERABLE,0.4454484969209143,1960
cvefixes-matched-CVE-2023-30798-vuln,0,1,,SAFE,0.4454484969209143,9932
cvefixes-matched-CVE-2023-32303-vuln,1,1,,VULNERABLE,0.4454484969209143,3308
cvefixes-matched-CVE-2023-32303-safe,1,0,,VULNERABLE,0.4454484969209143,3730
cvefixes-matched-CVE-2023-33979-safe,1,0,,VULNERABLE,0.4454484969209143,4289
cvefixes-matched-CVE-2023-39522-vuln,1,1,,VULNERABLE,0.4454484969209143,7511
cvefixes-matched-CVE-2023-39523-safe,1,0,,VULNERABLE,0.4454484969209143,6052
cvefixes-matched-CVE-2023-40587-safe,1,0,,VULNERABLE,0.4454484969209143,10874
cvefixes-matched-CVE-2023-40954-safe,1,0,,VULNERABLE,0.4454484969209143,7418
cvefixes-matched-CVE-2023-41885-vuln,1,1,,VULNERABLE,0.4454484969209143,2306
cvefixes-matched-CVE-2023-41885-safe,1,0,,VULNERABLE,0.4454484969209143,2341
cvefixes-matched-CVE-2023-45805-safe,1,0,,VULNERABLE,0.4454484969209143,6137
cvefixes-matched-CVE-2023-47163-vuln,1,1,,VULNERABLE,0.4454484969209143,11490
cvefixes-matched-CVE-2023-49277-vuln,1,1,,VULNERABLE,0.4454484969209143,3176
cvefixes-matched-CVE-2023-49281-safe,1,0,,VULNERABLE,0.4454484969209143,4436
cvefixes-matched-CVE-2023-49297-safe,0,0,,SAFE,0.4454484969209143,1770
cvefixes-matched-CVE-2023-6395-vuln,1,1,,VULNERABLE,0.4454484969209143,2150
cvefixes-matched-CVE-2024-1520-vuln,1,1,,VULNERABLE,0.4454484969209143,3471
cvefixes-matched-CVE-2024-1569-safe,1,0,,VULNERABLE,0.4454484969209143,4030
cvefixes-matched-CVE-2024-22415-vuln,1,1,,VULNERABLE,0.4454484969209143,9594
cvefixes-matched-CVE-2024-22415-safe,1,0,,VULNERABLE,0.4454484969209143,10762
cvefixes-matched-CVE-2024-25722-vuln,1,1,,VULNERABLE,0.4454484969209143,3803
cvefixes-matched-CVE-2024-27305-safe,1,0,,VULNERABLE,0.4454484969209143,16110
cvefixes-matched-CVE-2024-34083-safe,1,0,,VULNERABLE,0.4454484969209143,16155
cvefixes-matched-CVE-2024-29189-vuln,1,1,,VULNERABLE,0.4454484969209143,8729
cvefixes-matched-CVE-2024-29189-safe,1,0,,VULNERABLE,0.4454484969209143,8812
cvefixes-matched-CVE-2024-30248-vuln,1,1,,VULNERABLE,0.4454484969209143,11222
cvefixes-matched-CVE-2024-31462-vuln,1,1,,VULNERABLE,0.4454484969209143,8344
cvefixes-matched-CVE-2024-31991-safe,1,0,,VULNERABLE,0.4454484969209143,7174
cvefixes-matched-CVE-2024-31993-vuln,1,1,,VULNERABLE,0.4454484969209143,7186
cvefixes-matched-CVE-2024-31994-safe,1,0,,VULNERABLE,0.4454484969209143,7174
cvefixes-matched-CVE-2024-34060-vuln,0,1,,SAFE,0.4454484969209143,1190
cvefixes-matched-CVE-2024-36105-safe,1,0,,"Okay, let's systematically analyze the provided Python code for security vulnerabilities.

**1. Code Understanding:**

The script `serve.py` serves documentation generated by a DBT (Data Build Tool) project. It copies a `index.html` file to the root directory, starts a simple HTTP server on a specified port, and optionally opens the documentation in the user's default browser.  It uses `click` for command-line arguments (port and browser option) and `socketserver` for the HTTP server.

**2. Input Sources and Data Flows:**

*   **`port`:** This variable is derived from a command-line argument passed to the `click` command-line interface.  This is the primary input source.
*   **`self.args.browser`:**  This is also derived from a command-line argument.
*   **`DOCS_INDEX_FILE_PATH`:** This is a constant defined within the `dbt` package.  It represents the path to the documentation index file.

**3. Input Validation and Bounds Checking:**

*   The code doesn't perform any input validation on the `port` argument. The `port` value is directly used in the `TCPServer` constructor.  This is a significant vulnerability. An attacker could provide a port number that is outside the valid range for a socket, potentially causing denial of service or allowing them to bind to a privileged port.
*   There's no validation on `self.args.browser`.  While less critical, it's good practice to ensure the value is a valid browser string.

**4. Memory Management Issues:**

The code doesn't involve complex memory operations that would necessarily lead to memory management vulnerabilities like buffer overflows or use-after-free.  The `shutil.copyfile` operation is relatively lightweight.

**5. Error Handling and Edge Cases:**

*   The code has minimal error handling. If the `DOCS_INDEX_FILE_PATH` doesn't exist, `shutil.copyfile` will raise an exception, which is likely not handled.
*   If the port is invalid (e.g., negative, too large), `socketserver.TCPServer` might raise an exception, but it's not caught.
*   The `webbrowser.open_new_tab` function might fail if the browser is not installed or if there are other issues preventing it from opening the URL. This isn't handled.

**6. Vulnerability Determination:**

The primary vulnerability is the lack of input validation for the `port` argument. Allowing an attacker to specify an arbitrary port could lead to various attacks, including:

*   **Denial of Service:** Binding the server to a high-numbered port could exhaust system resources.
*   **Privilege Escalation:**  If the server is run with elevated privileges, binding to a privileged port (e.g., 80, 443) could allow the attacker to gain more control.
*   **Information Disclosure:** While unlikely in this specific scenario, a malicious port could be used to intercept traffic.

**Conclusion:**

VULNERABLE",0.4454484969209143,1034
cvefixes-matched-CVE-2024-37301-vuln,1,1,,"1. **Read through the code to understand its purpose:**
   The code defines several utility functions for use within a Jinja2 templating engine, primarily for working with dates, images, and text. It provides filters for formatting dates, times, and empty strings, as well as functions for handling multi-line text and images.

2. **Identify all input sources and data flows:**
   - `parse_string(value)`: Takes a string `value` as input.
   - `dateformat(value, format, locale)`: Takes a string `value` (representing a date/time), a `format` string, and an optional `locale` string as input.
   - `datetimeformat(value, format, locale)`: Takes a string `value` (representing a date/time), a `format` string, and an optional `locale` string as input.
   - `timeformat(value, format, locale)`: Takes a string `value` (representing a time), a `format` string, and an optional `locale` string as input.
   - `emptystring(value)`: Takes a value `value` as input.
   - `getwithdefault(value, default)`: Takes a value `value` and a `default` string as input.
   - `multiline(value)`: Takes a string `value` as input.
   - `image(ctx, img_name, width, height)`: Takes a context `ctx`, an image name `img_name`, optional `width` and `height` (as MM objects) as input.  Crucially, it retrieves an image from the context using `ctx.get(img_name)`.

3. **Check for proper input validation and bounds checking:**
   - `parse_string(value)`:  Parses a string, which is generally safe, but relies on the `dateutil.parser.parse` function's ability to handle different date/time formats.  No explicit validation is performed.
   - `dateformat`, `datetimeformat`, `timeformat`: Parses the input string using `parse_string` and then formats it according to the provided format.  No input validation beyond the parsing is performed.
   - `emptystring(value)`: Checks for `None` input.
   - `getwithdefault(value, default)`: Checks for `None` input.
   - `multiline(value)`: Takes a string as input - potentially vulnerable if the input is not sanitized.
   - `image(ctx, img_name, width, height)`:  This is the most concerning part. It retrieves an image from the Jinja context using `ctx.get(img_name)`.  There's no validation of `img_name` to ensure it's a valid filename or path.  The `imghdr.what()` check is good, but it doesn't prevent a malicious user from providing arbitrary image data.  The `width` and `height` are converted to `Mm` objects.

4. **Look for memory management issues:**
   The code doesn't explicitly handle memory management.  The `image` function uses `img.seek(0)` which is good practice for ensuring the image data is read from the beginning. However, it doesn't release the image file after it's used.

5. **Examine error handling and edge cases:**
   - `dateformat`, `datetimeformat`, `timeformat`: Handles `None` input by returning an empty string.
   - `image`: Raises a `ValidationError` if the image name is not found in the context or if the image is not a supported type. This is good error handling.

6. **Determine if vulnerabilities exist:**
   The primary vulnerability is in the `image` function.  Retrieving an image from the Jinja context without validating the `img_name` can lead to arbitrary file access.  A malicious user could potentially provide a filename that points to a file outside the intended directory, allowing them to read or even write files on the server.  The lack of validation on `img_name` is a significant security risk.

VULNERABLE",0.4454484969209143,1726
cvefixes-matched-CVE-2024-37889-safe,1,0,,VULNERABLE,0.4454484969209143,3420
cvefixes-matched-CVE-2024-5334-vuln,1,1,,VULNERABLE,0.4454484969209143,6312
cvefixes-matched-CVE-2024-5334-safe,1,0,,VULNERABLE,0.4454484969209143,6408
